experiment,imputer,task,missing_type,missing_fraction,strategy,column,result_type,metric,train,test,baseline,corrupted,imputed
test_imputed_corrupted,ForestImputer,1459,MCAR,0.5,single_single,V7,impute_performance_std,MAE,0.01153875696603,0.0578068434955718,,,
test_imputed_corrupted,ForestImputer,1459,MCAR,0.5,single_single,V7,impute_performance_std,MSE,0.377481569383247,0.5835631813581007,,,
test_imputed_corrupted,ForestImputer,1459,MCAR,0.5,single_single,V7,impute_performance_std,RMSE,0.0357375087408016,0.0545109042010024,,,
test_imputed_corrupted,ForestImputer,1481,MCAR,0.5,single_single,V2,impute_performance_std,MAE,0.0008268259692644,0.0016139990518749,,,
test_imputed_corrupted,ForestImputer,1481,MCAR,0.5,single_single,V2,impute_performance_std,MSE,0.0002955412091972,0.0037753932701293,,,
test_imputed_corrupted,ForestImputer,1481,MCAR,0.5,single_single,V2,impute_performance_std,RMSE,0.000152547370188,0.0019301824081155,,,
test_imputed_corrupted,ForestImputer,1526,MCAR,0.5,single_single,V3,impute_performance_std,MAE,0.0044776233837287,0.0057571592544271,,,
test_imputed_corrupted,ForestImputer,1526,MCAR,0.5,single_single,V3,impute_performance_std,MSE,0.005752197980165,0.0157555300914969,,,
test_imputed_corrupted,ForestImputer,1526,MCAR,0.5,single_single,V3,impute_performance_std,RMSE,0.0070428158119001,0.0201159432782698,,,
test_imputed_corrupted,ForestImputer,183,MCAR,0.5,single_single,Length,impute_performance_std,MAE,9.11710142317214e-05,0.0002170022624636,,,
test_imputed_corrupted,ForestImputer,183,MCAR,0.5,single_single,Length,impute_performance_std,MSE,6.68819548639311e-06,0.0001117983826864,,,
test_imputed_corrupted,ForestImputer,183,MCAR,0.5,single_single,Length,impute_performance_std,RMSE,0.0001921391748948,0.0028169074963629,,,
test_imputed_corrupted,ForestImputer,184,MCAR,0.5,single_single,black_king_col,impute_performance_std,F1_micro,0.0003709973265845,0.0017937359076433,,,
test_imputed_corrupted,ForestImputer,184,MCAR,0.5,single_single,black_king_col,impute_performance_std,F1_macro,0.0005191123734152,0.0009425090485046,,,
test_imputed_corrupted,ForestImputer,184,MCAR,0.5,single_single,black_king_col,impute_performance_std,F1_weighted,0.0004458809357868,0.0020799420869801,,,
test_imputed_corrupted,ForestImputer,26,MCAR,0.5,single_single,parents,impute_performance_std,F1_micro,0.0055819275756714,0.0038836596889252,,,
test_imputed_corrupted,ForestImputer,26,MCAR,0.5,single_single,parents,impute_performance_std,F1_macro,0.0055469152228059,0.0035986476859441,,,
test_imputed_corrupted,ForestImputer,26,MCAR,0.5,single_single,parents,impute_performance_std,F1_weighted,0.0055734458612571,0.0032307603328579,,,
test_imputed_corrupted,ForestImputer,30,MCAR,0.5,single_single,eccen,impute_performance_std,MAE,0.0206032977562702,0.2646921605596323,,,
test_imputed_corrupted,ForestImputer,30,MCAR,0.5,single_single,eccen,impute_performance_std,MSE,8.699907403520898,7.49147183043083,,,
test_imputed_corrupted,ForestImputer,30,MCAR,0.5,single_single,eccen,impute_performance_std,RMSE,0.5627133505524096,0.8799504782263176,,,
test_imputed_corrupted,ForestImputer,32,MCAR,0.5,single_single,input4,impute_performance_std,MAE,0.0491869469961019,0.0726403012517402,,,
test_imputed_corrupted,ForestImputer,32,MCAR,0.5,single_single,input4,impute_performance_std,MSE,0.9773644176916028,1.2160245474736298,,,
test_imputed_corrupted,ForestImputer,32,MCAR,0.5,single_single,input4,impute_performance_std,RMSE,0.1182864941418614,0.1307851968307689,,,
test_imputed_corrupted,ForestImputer,375,MCAR,0.5,single_single,coefficient3,impute_performance_std,MAE,0.0012049978033502,0.0009489032174871,,,
test_imputed_corrupted,ForestImputer,375,MCAR,0.5,single_single,coefficient3,impute_performance_std,MSE,0.000421776881996,0.001265238884854,,,
test_imputed_corrupted,ForestImputer,375,MCAR,0.5,single_single,coefficient3,impute_performance_std,RMSE,0.0015517671316951,0.004388765274124,,,
test_imputed_corrupted,ForestImputer,40497,MCAR,0.5,single_single,V13,impute_performance_std,MAE,0.0009741413062838,0.0060964879961432,,,
test_imputed_corrupted,ForestImputer,40497,MCAR,0.5,single_single,V13,impute_performance_std,MSE,0.0012453089361245,0.0031646586475248,,,
test_imputed_corrupted,ForestImputer,40497,MCAR,0.5,single_single,V13,impute_performance_std,RMSE,0.0059343478819176,0.0173627073689042,,,
test_imputed_corrupted,ForestImputer,40498,MCAR,0.5,single_single,V11,impute_performance_std,MAE,0.0067481619552122,0.0086370688671688,,,
test_imputed_corrupted,ForestImputer,40498,MCAR,0.5,single_single,V11,impute_performance_std,MSE,0.0021442405201632,0.0160617389975014,,,
test_imputed_corrupted,ForestImputer,40498,MCAR,0.5,single_single,V11,impute_performance_std,RMSE,0.0028694900044788,0.021802548333749,,,
test_imputed_corrupted,ForestImputer,40677,MCAR,0.5,single_single,attribute#3,impute_performance_std,F1_micro,0.0068107795992823,0.0212714352673564,,,
test_imputed_corrupted,ForestImputer,40677,MCAR,0.5,single_single,attribute#3,impute_performance_std,F1_macro,0.0116686238807991,0.019053376870142,,,
test_imputed_corrupted,ForestImputer,40677,MCAR,0.5,single_single,attribute#3,impute_performance_std,F1_weighted,0.0080886558419185,0.0234939075585871,,,
test_imputed_corrupted,ForestImputer,40685,MCAR,0.5,single_single,A2,impute_performance_std,MAE,0.353626003404591,0.8734951179500694,,,
test_imputed_corrupted,ForestImputer,40685,MCAR,0.5,single_single,A2,impute_performance_std,MSE,1912.44288858367,1135.7247494010746,,,
test_imputed_corrupted,ForestImputer,40685,MCAR,0.5,single_single,A2,impute_performance_std,RMSE,13.838637277907436,10.058553565177752,,,
test_imputed_corrupted,ForestImputer,41027,MCAR,0.5,single_single,black_piece0_strength,impute_performance_std,MAE,0.0043633084933824,0.0424432107369178,,,
test_imputed_corrupted,ForestImputer,41027,MCAR,0.5,single_single,black_piece0_strength,impute_performance_std,MSE,0.0251841803323926,0.2023111321789516,,,
test_imputed_corrupted,ForestImputer,41027,MCAR,0.5,single_single,black_piece0_strength,impute_performance_std,RMSE,0.0038448464251873,0.0308000521070607,,,
test_imputed_corrupted,ForestImputer,41671,MCAR,0.5,single_single,a9,impute_performance_std,MAE,0.0003443888003889,0.0014537394310306,,,
test_imputed_corrupted,ForestImputer,41671,MCAR,0.5,single_single,a9,impute_performance_std,MSE,0.0007386847118287,0.0009993033352457,,,
test_imputed_corrupted,ForestImputer,41671,MCAR,0.5,single_single,a9,impute_performance_std,RMSE,0.0083431915985628,0.0095282675213287,,,
test_imputed_corrupted,ForestImputer,4552,MCAR,0.5,single_single,V2,impute_performance_std,MAE,0.1766006876200806,0.7686839011763129,,,
test_imputed_corrupted,ForestImputer,4552,MCAR,0.5,single_single,V2,impute_performance_std,MSE,6.967378345811063,35.65709968103791,,,
test_imputed_corrupted,ForestImputer,4552,MCAR,0.5,single_single,V2,impute_performance_std,RMSE,0.0970126557940255,0.5096000193516664,,,
test_imputed_corrupted,ForestImputer,6,MCAR,0.5,single_single,x-box,impute_performance_std,MAE,0.0039651318175341,0.0050991376046889,,,
test_imputed_corrupted,ForestImputer,6,MCAR,0.5,single_single,x-box,impute_performance_std,MSE,0.0070193482766654,0.0077932837469394,,,
test_imputed_corrupted,ForestImputer,6,MCAR,0.5,single_single,x-box,impute_performance_std,RMSE,0.0068440706211613,0.0077033505723089,,,
test_imputed_corrupted,KNNImputer,1459,MNAR,0.5,single_single,V7,impute_performance_std,MAE,0.1430659500011489,0.9855314174498736,,,
test_imputed_corrupted,KNNImputer,1459,MNAR,0.5,single_single,V7,impute_performance_std,MSE,1.8994251996142733,17.871035447760928,,,
test_imputed_corrupted,KNNImputer,1459,MNAR,0.5,single_single,V7,impute_performance_std,RMSE,0.0963729885241946,0.982408051587038,,,
test_imputed_corrupted,KNNImputer,183,MNAR,0.5,single_single,Length,impute_performance_std,MAE,0.0019812991677799,0.0090795397091452,,,
test_imputed_corrupted,KNNImputer,183,MNAR,0.5,single_single,Length,impute_performance_std,MSE,0.0002093342763124,0.0007488136453654,,,
test_imputed_corrupted,KNNImputer,183,MNAR,0.5,single_single,Length,impute_performance_std,RMSE,0.0019771519266497,0.0081861392476027,,,
test_imputed_corrupted,KNNImputer,184,MNAR,0.5,single_single,black_king_col,impute_performance_std,F1_micro,0.0034037478621964,0.0046374961501409,,,
test_imputed_corrupted,KNNImputer,184,MNAR,0.5,single_single,black_king_col,impute_performance_std,F1_macro,0.0034797983471098,0.0020022652237379,,,
test_imputed_corrupted,KNNImputer,184,MNAR,0.5,single_single,black_king_col,impute_performance_std,F1_weighted,0.0037504187555161,0.0067294082474575,,,
test_imputed_corrupted,KNNImputer,26,MNAR,0.5,single_single,parents,impute_performance_std,F1_micro,0.0201139046298492,0.2843958281739762,,,
test_imputed_corrupted,KNNImputer,26,MNAR,0.5,single_single,parents,impute_performance_std,F1_macro,0.0229386203135625,0.1364079036070729,,,
test_imputed_corrupted,KNNImputer,26,MNAR,0.5,single_single,parents,impute_performance_std,F1_weighted,0.0345976977452865,0.2620275162224078,,,
test_imputed_corrupted,KNNImputer,30,MNAR,0.5,single_single,eccen,impute_performance_std,MAE,1.8249743855649416,0.6848561100211175,,,
test_imputed_corrupted,KNNImputer,30,MNAR,0.5,single_single,eccen,impute_performance_std,MSE,70.31579819787389,67.55319254870034,,,
test_imputed_corrupted,KNNImputer,30,MNAR,0.5,single_single,eccen,impute_performance_std,RMSE,3.869504927539041,4.132479589221289,,,
test_imputed_corrupted,KNNImputer,32,MNAR,0.5,single_single,input4,impute_performance_std,MAE,7.026861232838084,7.762363810171792,,,
test_imputed_corrupted,KNNImputer,32,MNAR,0.5,single_single,input4,impute_performance_std,MSE,169.93325887639102,184.6034147810338,,,
test_imputed_corrupted,KNNImputer,32,MNAR,0.5,single_single,input4,impute_performance_std,RMSE,6.349731227855564,8.10131342946305,,,
test_imputed_corrupted,KNNImputer,375,MNAR,0.5,single_single,coefficient3,impute_performance_std,MAE,0.003998238491169,0.0296324512078885,,,
test_imputed_corrupted,KNNImputer,375,MNAR,0.5,single_single,coefficient3,impute_performance_std,MSE,0.0017665814670513,0.0116921719739625,,,
test_imputed_corrupted,KNNImputer,375,MNAR,0.5,single_single,coefficient3,impute_performance_std,RMSE,0.0035227237475901,0.0257168114398727,,,
test_imputed_corrupted,KNNImputer,40498,MNAR,0.5,single_single,V11,impute_performance_std,MAE,0.0391942466671166,0.1274842506587062,,,
test_imputed_corrupted,KNNImputer,40498,MNAR,0.5,single_single,V11,impute_performance_std,MSE,0.0809554585636589,0.158707035340028,,,
test_imputed_corrupted,KNNImputer,40498,MNAR,0.5,single_single,V11,impute_performance_std,RMSE,0.0388322442044073,0.0834339423330532,,,
test_imputed_corrupted,KNNImputer,40677,MNAR,0.5,single_single,attribute#3,impute_performance_std,F1_micro,0.0013531646934131,0.012629537138523,,,
test_imputed_corrupted,KNNImputer,40677,MNAR,0.5,single_single,attribute#3,impute_performance_std,F1_macro,0.0005618154857832,0.1223197926407686,,,
test_imputed_corrupted,KNNImputer,40677,MNAR,0.5,single_single,attribute#3,impute_performance_std,F1_weighted,0.0011236309715664,0.0757269603887118,,,
test_imputed_corrupted,KNNImputer,41027,MNAR,0.5,single_single,black_piece0_strength,impute_performance_std,MAE,1.0733688626536866,0.4419389285540297,,,
test_imputed_corrupted,KNNImputer,41027,MNAR,0.5,single_single,black_piece0_strength,impute_performance_std,MSE,5.958685733418329,2.2175277213305846,,,
test_imputed_corrupted,KNNImputer,41027,MNAR,0.5,single_single,black_piece0_strength,impute_performance_std,RMSE,0.8630730959775251,0.4885997734405222,,,
test_imputed_corrupted,KNNImputer,4552,MNAR,0.5,single_single,V2,impute_performance_std,MAE,4.8094967211650665,1.993330108935704,,,
test_imputed_corrupted,KNNImputer,4552,MNAR,0.5,single_single,V2,impute_performance_std,MSE,287.4143550502047,124.05375841283669,,,
test_imputed_corrupted,KNNImputer,4552,MNAR,0.5,single_single,V2,impute_performance_std,RMSE,3.985865669528275,1.9118965040878635,,,
test_imputed_corrupted,KNNImputer,6,MNAR,0.5,single_single,x-box,impute_performance_std,MAE,0.1715239493724807,0.1970041708526327,,,
test_imputed_corrupted,KNNImputer,6,MNAR,0.5,single_single,x-box,impute_performance_std,MSE,0.4639299176330407,0.4239113748572139,,,
test_imputed_corrupted,KNNImputer,6,MNAR,0.5,single_single,x-box,impute_performance_std,RMSE,0.1910529813341842,0.2242677950463892,,,
test_imputed_corrupted,ForestImputer,1459,MCAR,0.5,single_single,V7,impute_performance_mean,MAE,3.5668843439269406,3.6139001212020743,,,
test_imputed_corrupted,ForestImputer,1459,MCAR,0.5,single_single,V7,impute_performance_mean,MSE,27.91695488950497,28.68176446237477,,,
test_imputed_corrupted,ForestImputer,1459,MCAR,0.5,single_single,V7,impute_performance_mean,RMSE,5.283569195454052,5.355350922512632,,,
test_imputed_corrupted,ForestImputer,1481,MCAR,0.5,single_single,V2,impute_performance_mean,MAE,0.7625129978175781,0.7739079958873258,,,
test_imputed_corrupted,ForestImputer,1481,MCAR,0.5,single_single,V2,impute_performance_mean,MSE,0.9384290423783236,0.9562907610405658,,,
test_imputed_corrupted,ForestImputer,1481,MCAR,0.5,single_single,V2,impute_performance_mean,RMSE,0.9687254651677758,0.9778999321528148,,,
test_imputed_corrupted,ForestImputer,1526,MCAR,0.5,single_single,V3,impute_performance_mean,MAE,0.2304612981983093,0.2275321671754171,,,
test_imputed_corrupted,ForestImputer,1526,MCAR,0.5,single_single,V3,impute_performance_mean,MSE,0.1679449782819714,0.1509182609974073,,,
test_imputed_corrupted,ForestImputer,1526,MCAR,0.5,single_single,V3,impute_performance_mean,RMSE,0.409770558701978,0.3881346332757371,,,
test_imputed_corrupted,ForestImputer,183,MCAR,0.5,single_single,Length,impute_performance_mean,MAE,0.0132342115768463,0.0137627990430622,,,
test_imputed_corrupted,ForestImputer,183,MCAR,0.5,single_single,Length,impute_performance_mean,MSE,0.0003016316067864,0.0004318055921052,,,
test_imputed_corrupted,ForestImputer,183,MCAR,0.5,single_single,Length,impute_performance_mean,RMSE,0.017366836071799,0.0206522544421479,,,
test_imputed_corrupted,ForestImputer,184,MCAR,0.5,single_single,black_king_col,impute_performance_mean,F1_micro,0.0316639933464029,0.0318365407460204,,,
test_imputed_corrupted,ForestImputer,184,MCAR,0.5,single_single,black_king_col,impute_performance_mean,F1_macro,0.0256429194005192,0.0252279230725145,,,
test_imputed_corrupted,ForestImputer,184,MCAR,0.5,single_single,black_king_col,impute_performance_mean,F1_weighted,0.0317575665278602,0.0321173171329981,,,
test_imputed_corrupted,ForestImputer,26,MCAR,0.5,single_single,parents,impute_performance_mean,F1_micro,0.1224279835390946,0.1213991769547325,,,
test_imputed_corrupted,ForestImputer,26,MCAR,0.5,single_single,parents,impute_performance_mean,F1_macro,0.1223783756359354,0.120997497482114,,,
test_imputed_corrupted,ForestImputer,26,MCAR,0.5,single_single,parents,impute_performance_mean,F1_weighted,0.1224164953969872,0.1209582192511526,,,
test_imputed_corrupted,ForestImputer,30,MCAR,0.5,single_single,eccen,impute_performance_mean,MAE,1.0096512486675804,0.9776628641072524,,,
test_imputed_corrupted,ForestImputer,30,MCAR,0.5,single_single,eccen,impute_performance_mean,MSE,61.2041884242164,20.67479516836819,,,
test_imputed_corrupted,ForestImputer,30,MCAR,0.5,single_single,eccen,impute_performance_mean,RMSE,7.809807352358729,4.489831467395448,,,
test_imputed_corrupted,ForestImputer,32,MCAR,0.5,single_single,input4,impute_performance_mean,MAE,2.183621474067334,2.391583257506824,,,
test_imputed_corrupted,ForestImputer,32,MCAR,0.5,single_single,input4,impute_performance_mean,MSE,17.171872596299664,21.578624294813466,,,
test_imputed_corrupted,ForestImputer,32,MCAR,0.5,single_single,input4,impute_performance_mean,RMSE,4.142770184289182,4.644052230147729,,,
test_imputed_corrupted,ForestImputer,375,MCAR,0.5,single_single,coefficient3,impute_performance_mean,MAE,0.0975817295523761,0.100756646231593,,,
test_imputed_corrupted,ForestImputer,375,MCAR,0.5,single_single,coefficient3,impute_performance_mean,MSE,0.0185927744135372,0.0204322633202972,,,
test_imputed_corrupted,ForestImputer,375,MCAR,0.5,single_single,coefficient3,impute_performance_mean,RMSE,0.136349437449212,0.1428965446743774,,,
test_imputed_corrupted,ForestImputer,40497,MCAR,0.5,single_single,V13,impute_performance_mean,MAE,0.0198227074649488,0.0172880931329207,,,
test_imputed_corrupted,ForestImputer,40497,MCAR,0.5,single_single,V13,impute_performance_mean,MSE,0.0111762681108915,0.0093392685185185,,,
test_imputed_corrupted,ForestImputer,40497,MCAR,0.5,single_single,V13,impute_performance_mean,RMSE,0.1056067727675131,0.0955944181445743,,,
test_imputed_corrupted,ForestImputer,40498,MCAR,0.5,single_single,V11,impute_performance_mean,MAE,0.2711233333163179,0.2706996609251699,,,
test_imputed_corrupted,ForestImputer,40498,MCAR,0.5,single_single,V11,impute_performance_mean,MSE,0.140061190709578,0.1391359006572488,,,
test_imputed_corrupted,ForestImputer,40498,MCAR,0.5,single_single,V11,impute_performance_mean,RMSE,0.374240165394257,0.3725842185529135,,,
test_imputed_corrupted,ForestImputer,40677,MCAR,0.5,single_single,attribute#3,impute_performance_mean,F1_micro,0.74453125,0.7166666666666667,,,
test_imputed_corrupted,ForestImputer,40677,MCAR,0.5,single_single,attribute#3,impute_performance_mean,F1_macro,0.5996348697679226,0.5754542457065313,,,
test_imputed_corrupted,ForestImputer,40677,MCAR,0.5,single_single,attribute#3,impute_performance_mean,F1_weighted,0.7169108101502527,0.6829900880244834,,,
test_imputed_corrupted,ForestImputer,40685,MCAR,0.5,single_single,A2,impute_performance_mean,MAE,4.032530592584544,4.254527122752537,,,
test_imputed_corrupted,ForestImputer,40685,MCAR,0.5,single_single,A2,impute_performance_mean,MSE,5469.840875171049,3590.9455368318536,,,
test_imputed_corrupted,ForestImputer,40685,MCAR,0.5,single_single,A2,impute_performance_mean,RMSE,73.09014265981008,59.359042026323344,,,
test_imputed_corrupted,ForestImputer,41027,MCAR,0.5,single_single,black_piece0_strength,impute_performance_mean,MAE,2.62170214899835,2.6204763718894686,,,
test_imputed_corrupted,ForestImputer,41027,MCAR,0.5,single_single,black_piece0_strength,impute_performance_mean,MSE,10.720050963891376,10.779456648440286,,,
test_imputed_corrupted,ForestImputer,41027,MCAR,0.5,single_single,black_piece0_strength,impute_performance_mean,RMSE,3.2741473865209585,3.283111971839181,,,
test_imputed_corrupted,ForestImputer,41671,MCAR,0.5,single_single,a9,impute_performance_mean,MAE,0.0025254166666666,0.0042416666666666,,,
test_imputed_corrupted,ForestImputer,41671,MCAR,0.5,single_single,a9,impute_performance_mean,MSE,0.0018435208333333,0.0027825166666666,,,
test_imputed_corrupted,ForestImputer,41671,MCAR,0.5,single_single,a9,impute_performance_mean,RMSE,0.0423923924303223,0.0521727075397472,,,
test_imputed_corrupted,ForestImputer,4552,MCAR,0.5,single_single,V2,impute_performance_mean,MAE,28.33671847718085,27.89937708885147,,,
test_imputed_corrupted,ForestImputer,4552,MCAR,0.5,single_single,V2,impute_performance_mean,MSE,1291.490066612526,1215.0615268578492,,,
test_imputed_corrupted,ForestImputer,4552,MCAR,0.5,single_single,V2,impute_performance_mean,RMSE,35.93722015277387,34.8552492278858,,,
test_imputed_corrupted,ForestImputer,6,MCAR,0.5,single_single,x-box,impute_performance_mean,MAE,0.3494191012436636,0.3476349536713286,,,
test_imputed_corrupted,ForestImputer,6,MCAR,0.5,single_single,x-box,impute_performance_mean,MSE,0.2612310495617609,0.2578521119947305,,,
test_imputed_corrupted,ForestImputer,6,MCAR,0.5,single_single,x-box,impute_performance_mean,RMSE,0.5110771194513107,0.5077524504336445,,,
test_imputed_corrupted,KNNImputer,1459,MNAR,0.5,single_single,V7,impute_performance_mean,MAE,8.442820324606474,7.758843226788433,,,
test_imputed_corrupted,KNNImputer,1459,MNAR,0.5,single_single,V7,impute_performance_mean,MSE,97.07587176322396,88.60279990577662,,,
test_imputed_corrupted,KNNImputer,1459,MNAR,0.5,single_single,V7,impute_performance_mean,RMSE,9.852394629121688,9.378666368549489,,,
test_imputed_corrupted,KNNImputer,183,MNAR,0.5,single_single,Length,impute_performance_mean,MAE,0.0467572854291417,0.0395518341307815,,,
test_imputed_corrupted,KNNImputer,183,MNAR,0.5,single_single,Length,impute_performance_mean,MSE,0.0027779876247505,0.0023189633173843,,,
test_imputed_corrupted,KNNImputer,183,MNAR,0.5,single_single,Length,impute_performance_mean,RMSE,0.0526818900406625,0.0476894963997693,,,
test_imputed_corrupted,KNNImputer,184,MNAR,0.5,single_single,black_king_col,impute_performance_mean,F1_micro,0.0039208697201924,0.0077215490615348,,,
test_imputed_corrupted,KNNImputer,184,MNAR,0.5,single_single,black_king_col,impute_performance_mean,F1_macro,0.0041095214879347,0.0065869708320662,,,
test_imputed_corrupted,KNNImputer,184,MNAR,0.5,single_single,black_king_col,impute_performance_mean,F1_weighted,0.004468517034829,0.00986418054284,,,
test_imputed_corrupted,KNNImputer,26,MNAR,0.5,single_single,parents,impute_performance_mean,F1_micro,0.03247170781893,0.3402777777777778,,,
test_imputed_corrupted,KNNImputer,26,MNAR,0.5,single_single,parents,impute_performance_mean,F1_macro,0.0406096978402999,0.1727933478301052,,,
test_imputed_corrupted,KNNImputer,26,MNAR,0.5,single_single,parents,impute_performance_mean,F1_weighted,0.0565636974485682,0.3243399036131904,,,
test_imputed_corrupted,KNNImputer,30,MNAR,0.5,single_single,eccen,impute_performance_mean,MAE,4.822630678645754,2.835020962827544,,,
test_imputed_corrupted,KNNImputer,30,MNAR,0.5,single_single,eccen,impute_performance_mean,MSE,76.86399355768945,61.56103882785022,,,
test_imputed_corrupted,KNNImputer,30,MNAR,0.5,single_single,eccen,impute_performance_mean,RMSE,8.178138417035393,7.083509990884688,,,
test_imputed_corrupted,KNNImputer,32,MNAR,0.5,single_single,input4,impute_performance_mean,MAE,11.747750480234558,6.574866039834194,,,
test_imputed_corrupted,KNNImputer,32,MNAR,0.5,single_single,input4,impute_performance_mean,MSE,231.80573248407643,132.75839989215785,,,
test_imputed_corrupted,KNNImputer,32,MNAR,0.5,single_single,input4,impute_performance_mean,RMSE,14.31524856135607,9.434204455272964,,,
test_imputed_corrupted,KNNImputer,375,MNAR,0.5,single_single,coefficient3,impute_performance_mean,MAE,0.2123974719712182,0.1892541997991967,,,
test_imputed_corrupted,KNNImputer,375,MNAR,0.5,single_single,coefficient3,impute_performance_mean,MSE,0.0625468092387209,0.0537904085433082,,,
test_imputed_corrupted,KNNImputer,375,MNAR,0.5,single_single,coefficient3,impute_performance_mean,RMSE,0.2500770604906677,0.2309751190414649,,,
test_imputed_corrupted,KNNImputer,40498,MNAR,0.5,single_single,V11,impute_performance_mean,MAE,0.8951139832907947,0.7653263795918367,,,
test_imputed_corrupted,KNNImputer,40498,MNAR,0.5,single_single,V11,impute_performance_mean,MSE,1.111021206894156,0.9384671274791178,,,
test_imputed_corrupted,KNNImputer,40498,MNAR,0.5,single_single,V11,impute_performance_mean,RMSE,1.0535729264907052,0.9663468902643748,,,
test_imputed_corrupted,KNNImputer,40677,MNAR,0.5,single_single,attribute#3,impute_performance_mean,F1_micro,0.5515625000000001,0.5791666666666666,,,
test_imputed_corrupted,KNNImputer,40677,MNAR,0.5,single_single,attribute#3,impute_performance_mean,F1_macro,0.3554880922816496,0.5034165575329818,,,
test_imputed_corrupted,KNNImputer,40677,MNAR,0.5,single_single,attribute#3,impute_performance_mean,F1_weighted,0.7109761845632993,0.6402387821769309,,,
test_imputed_corrupted,KNNImputer,41027,MNAR,0.5,single_single,black_piece0_strength,impute_performance_mean,MAE,2.776947249028467,2.026803510337647,,,
test_imputed_corrupted,KNNImputer,41027,MNAR,0.5,single_single,black_piece0_strength,impute_performance_mean,MSE,10.784337219464122,5.927353859883979,,,
test_imputed_corrupted,KNNImputer,41027,MNAR,0.5,single_single,black_piece0_strength,impute_performance_mean,RMSE,3.207450769712707,2.4017078716640845,,,
test_imputed_corrupted,KNNImputer,4552,MNAR,0.5,single_single,V2,impute_performance_mean,MAE,29.06807884671962,24.807302709069493,,,
test_imputed_corrupted,KNNImputer,4552,MNAR,0.5,single_single,V2,impute_performance_mean,MSE,1231.040988526037,1068.4295877502943,,,
test_imputed_corrupted,KNNImputer,4552,MNAR,0.5,single_single,V2,impute_performance_mean,RMSE,34.934933401525484,32.64954347187822,,,
test_imputed_corrupted,KNNImputer,6,MNAR,0.5,single_single,x-box,impute_performance_mean,MAE,0.9907416666666669,0.7866666666666667,,,
test_imputed_corrupted,KNNImputer,6,MNAR,0.5,single_single,x-box,impute_performance_mean,MSE,1.368505,0.9714666666666668,,,
test_imputed_corrupted,KNNImputer,6,MNAR,0.5,single_single,x-box,impute_performance_mean,RMSE,1.1593838186218632,0.968470944704428,,,
test_imputed_corrupted,ForestImputer,1459,MCAR,0.5,single_single,V7,downstream_performance_std,F1_micro,,,0.0,0.0,0.0039138943248532
test_imputed_corrupted,ForestImputer,1459,MCAR,0.5,single_single,V7,downstream_performance_std,F1_macro,,,0.0,0.0,0.0045541424367438
test_imputed_corrupted,ForestImputer,1459,MCAR,0.5,single_single,V7,downstream_performance_std,F1_weighted,,,0.0,0.0,0.0036746019646127
test_imputed_corrupted,ForestImputer,1481,MCAR,0.5,single_single,V2,downstream_performance_std,F1_micro,,,0.0,0.0,0.0036821059015986
test_imputed_corrupted,ForestImputer,1481,MCAR,0.5,single_single,V2,downstream_performance_std,F1_macro,,,0.0,0.0,0.0040082082389344
test_imputed_corrupted,ForestImputer,1481,MCAR,0.5,single_single,V2,downstream_performance_std,F1_weighted,,,0.0,0.0,0.0035227755137322
test_imputed_corrupted,ForestImputer,1526,MCAR,0.5,single_single,V3,downstream_performance_std,F1_micro,,,0.0,0.0,0.0
test_imputed_corrupted,ForestImputer,1526,MCAR,0.5,single_single,V3,downstream_performance_std,F1_macro,,,0.0,0.0,0.0
test_imputed_corrupted,ForestImputer,1526,MCAR,0.5,single_single,V3,downstream_performance_std,F1_weighted,,,0.0,0.0,0.0
test_imputed_corrupted,ForestImputer,183,MCAR,0.5,single_single,Length,downstream_performance_std,F1_micro,,,0.0,0.0,0.0151462678733832
test_imputed_corrupted,ForestImputer,183,MCAR,0.5,single_single,Length,downstream_performance_std,F1_macro,,,0.0,0.0,0.0063087338199538
test_imputed_corrupted,ForestImputer,183,MCAR,0.5,single_single,Length,downstream_performance_std,F1_weighted,,,0.0,0.0,0.0150394234308046
test_imputed_corrupted,ForestImputer,184,MCAR,0.5,single_single,black_king_col,downstream_performance_std,F1_micro,,,0.0,0.0,0.00067461491397
test_imputed_corrupted,ForestImputer,184,MCAR,0.5,single_single,black_king_col,downstream_performance_std,F1_macro,,,0.0,0.0,0.0161797270096819
test_imputed_corrupted,ForestImputer,184,MCAR,0.5,single_single,black_king_col,downstream_performance_std,F1_weighted,,,0.0,0.0,0.0004980760163532
test_imputed_corrupted,ForestImputer,26,MCAR,0.5,single_single,parents,downstream_performance_std,F1_micro,,,1.3597399555105182e-16,0.0,0.0019797845059594
test_imputed_corrupted,ForestImputer,26,MCAR,0.5,single_single,parents,downstream_performance_std,F1_macro,,,0.0,0.0,0.0061984361270882
test_imputed_corrupted,ForestImputer,26,MCAR,0.5,single_single,parents,downstream_performance_std,F1_weighted,,,0.0,0.0,0.0017662462153502
test_imputed_corrupted,ForestImputer,30,MCAR,0.5,single_single,eccen,downstream_performance_std,F1_micro,,,0.0,0.0,0.0
test_imputed_corrupted,ForestImputer,30,MCAR,0.5,single_single,eccen,downstream_performance_std,F1_macro,,,0.0,0.0,0.0122235828640832
test_imputed_corrupted,ForestImputer,30,MCAR,0.5,single_single,eccen,downstream_performance_std,F1_weighted,,,1.3597399555105182e-16,0.0,8.148293128480776e-05
test_imputed_corrupted,ForestImputer,32,MCAR,0.5,single_single,input4,downstream_performance_std,F1_micro,,,0.0,0.0,0.0006946453986593
test_imputed_corrupted,ForestImputer,32,MCAR,0.5,single_single,input4,downstream_performance_std,F1_macro,,,0.0,0.0,0.0006719070403919
test_imputed_corrupted,ForestImputer,32,MCAR,0.5,single_single,input4,downstream_performance_std,F1_weighted,,,0.0,0.0,0.0006948586779182
test_imputed_corrupted,ForestImputer,375,MCAR,0.5,single_single,coefficient3,downstream_performance_std,F1_micro,,,0.0,0.0,0.0012627252776837
test_imputed_corrupted,ForestImputer,375,MCAR,0.5,single_single,coefficient3,downstream_performance_std,F1_macro,,,0.0,0.0,0.0014362979117475
test_imputed_corrupted,ForestImputer,375,MCAR,0.5,single_single,coefficient3,downstream_performance_std,F1_weighted,,,0.0,0.0,0.0012883576398113
test_imputed_corrupted,ForestImputer,40497,MCAR,0.5,single_single,V13,downstream_performance_std,F1_micro,,,0.0,0.0,0.001529404686595
test_imputed_corrupted,ForestImputer,40497,MCAR,0.5,single_single,V13,downstream_performance_std,F1_macro,,,0.0,0.0,0.0092688703297349
test_imputed_corrupted,ForestImputer,40497,MCAR,0.5,single_single,V13,downstream_performance_std,F1_weighted,,,1.3597399555105182e-16,0.0,0.001524410405353
test_imputed_corrupted,ForestImputer,40498,MCAR,0.5,single_single,V11,downstream_performance_std,F1_micro,,,0.0,0.0,0.0010204081632653
test_imputed_corrupted,ForestImputer,40498,MCAR,0.5,single_single,V11,downstream_performance_std,F1_macro,,,0.0,0.0,0.0045798432081355
test_imputed_corrupted,ForestImputer,40498,MCAR,0.5,single_single,V11,downstream_performance_std,F1_weighted,,,1.3597399555105182e-16,0.0,0.001411468496552
test_imputed_corrupted,ForestImputer,40677,MCAR,0.5,single_single,attribute#3,downstream_performance_std,F1_micro,,,0.0,0.0,0.0095043164535909
test_imputed_corrupted,ForestImputer,40677,MCAR,0.5,single_single,attribute#3,downstream_performance_std,F1_macro,,,0.0,0.0,0.0093914843438883
test_imputed_corrupted,ForestImputer,40677,MCAR,0.5,single_single,attribute#3,downstream_performance_std,F1_weighted,,,1.3597399555105182e-16,0.0,0.0096924535073711
test_imputed_corrupted,ForestImputer,40685,MCAR,0.5,single_single,A2,downstream_performance_std,F1_micro,,,1.3597399555105182e-16,0.0,0.0002488578746506
test_imputed_corrupted,ForestImputer,40685,MCAR,0.5,single_single,A2,downstream_performance_std,F1_macro,,,0.0,0.0,0.0077061313032012
test_imputed_corrupted,ForestImputer,40685,MCAR,0.5,single_single,A2,downstream_performance_std,F1_weighted,,,0.0,0.0,0.0002138269161121
test_imputed_corrupted,ForestImputer,41027,MCAR,0.5,single_single,black_piece0_strength,downstream_performance_std,F1_micro,,,0.0,0.0,0.0036712366514735
test_imputed_corrupted,ForestImputer,41027,MCAR,0.5,single_single,black_piece0_strength,downstream_performance_std,F1_macro,,,0.0,0.0,0.0080767197493645
test_imputed_corrupted,ForestImputer,41027,MCAR,0.5,single_single,black_piece0_strength,downstream_performance_std,F1_weighted,,,0.0,0.0,0.0039783054673967
test_imputed_corrupted,ForestImputer,41671,MCAR,0.5,single_single,a9,downstream_performance_std,F1_micro,,,0.0,0.0,0.0012990381056766
test_imputed_corrupted,ForestImputer,41671,MCAR,0.5,single_single,a9,downstream_performance_std,F1_macro,,,6.798699777552591e-17,0.0,0.0019502007190424
test_imputed_corrupted,ForestImputer,41671,MCAR,0.5,single_single,a9,downstream_performance_std,F1_weighted,,,0.0,0.0,0.0015629802415142
test_imputed_corrupted,ForestImputer,4552,MCAR,0.5,single_single,V2,downstream_performance_std,F1_micro,,,0.0,0.0,0.0005095765835742
test_imputed_corrupted,ForestImputer,4552,MCAR,0.5,single_single,V2,downstream_performance_std,F1_macro,,,6.798699777552591e-17,0.0,0.0076515738893838
test_imputed_corrupted,ForestImputer,4552,MCAR,0.5,single_single,V2,downstream_performance_std,F1_weighted,,,1.3597399555105182e-16,0.0,0.000302663852319
test_imputed_corrupted,ForestImputer,6,MCAR,0.5,single_single,x-box,downstream_performance_std,F1_micro,,,0.0,0.0,0.0013228756555322
test_imputed_corrupted,ForestImputer,6,MCAR,0.5,single_single,x-box,downstream_performance_std,F1_macro,,,0.0,0.0,0.0013323841391773
test_imputed_corrupted,ForestImputer,6,MCAR,0.5,single_single,x-box,downstream_performance_std,F1_weighted,,,0.0,0.0,0.0013154217360691
test_imputed_corrupted,KNNImputer,1459,MNAR,0.5,single_single,V7,downstream_performance_std,F1_micro,,,0.0,0.0,0.0144387030952775
test_imputed_corrupted,KNNImputer,1459,MNAR,0.5,single_single,V7,downstream_performance_std,F1_macro,,,1.3597399555105182e-16,0.0,0.0144585542183856
test_imputed_corrupted,KNNImputer,1459,MNAR,0.5,single_single,V7,downstream_performance_std,F1_weighted,,,1.3597399555105182e-16,0.0,0.0138183905290861
test_imputed_corrupted,KNNImputer,183,MNAR,0.5,single_single,Length,downstream_performance_std,F1_micro,,,0.0,0.0,0.005481549874349
test_imputed_corrupted,KNNImputer,183,MNAR,0.5,single_single,Length,downstream_performance_std,F1_macro,,,0.0,0.0,0.00438826534974
test_imputed_corrupted,KNNImputer,183,MNAR,0.5,single_single,Length,downstream_performance_std,F1_weighted,,,0.0,0.0,0.0047513188363391
test_imputed_corrupted,KNNImputer,184,MNAR,0.5,single_single,black_king_col,downstream_performance_std,F1_micro,,,0.0,0.0,0.0251179917794027
test_imputed_corrupted,KNNImputer,184,MNAR,0.5,single_single,black_king_col,downstream_performance_std,F1_macro,,,0.0,0.0,0.0294582434083387
test_imputed_corrupted,KNNImputer,184,MNAR,0.5,single_single,black_king_col,downstream_performance_std,F1_weighted,,,0.0,0.0,0.0244157462409742
test_imputed_corrupted,KNNImputer,26,MNAR,0.5,single_single,parents,downstream_performance_std,F1_micro,,,0.0,0.0,0.0323530126000679
test_imputed_corrupted,KNNImputer,26,MNAR,0.5,single_single,parents,downstream_performance_std,F1_macro,,,0.0,0.0,0.03653639229253
test_imputed_corrupted,KNNImputer,26,MNAR,0.5,single_single,parents,downstream_performance_std,F1_weighted,,,1.3597399555105182e-16,0.0,0.0315648894116066
test_imputed_corrupted,KNNImputer,30,MNAR,0.5,single_single,eccen,downstream_performance_std,F1_micro,,,0.0,0.0,0.0005272605198078
test_imputed_corrupted,KNNImputer,30,MNAR,0.5,single_single,eccen,downstream_performance_std,F1_macro,,,0.0,0.0,0.0063033687502217
test_imputed_corrupted,KNNImputer,30,MNAR,0.5,single_single,eccen,downstream_performance_std,F1_weighted,,,0.0,0.0,0.0004826116183692
test_imputed_corrupted,KNNImputer,32,MNAR,0.5,single_single,input4,downstream_performance_std,F1_micro,,,0.0,0.0,0.0034333035176311
test_imputed_corrupted,KNNImputer,32,MNAR,0.5,single_single,input4,downstream_performance_std,F1_macro,,,1.3597399555105182e-16,0.0,0.0034088677236293
test_imputed_corrupted,KNNImputer,32,MNAR,0.5,single_single,input4,downstream_performance_std,F1_weighted,,,0.0,0.0,0.0034373800819705
test_imputed_corrupted,KNNImputer,375,MNAR,0.5,single_single,coefficient3,downstream_performance_std,F1_micro,,,1.3597399555105182e-16,0.0,0.0029400227180543
test_imputed_corrupted,KNNImputer,375,MNAR,0.5,single_single,coefficient3,downstream_performance_std,F1_macro,,,0.0,0.0,0.0030593686843155
test_imputed_corrupted,KNNImputer,375,MNAR,0.5,single_single,coefficient3,downstream_performance_std,F1_weighted,,,0.0,0.0,0.0029308061286072
test_imputed_corrupted,KNNImputer,40498,MNAR,0.5,single_single,V11,downstream_performance_std,F1_micro,,,0.0,0.0,0.0072393866169362
test_imputed_corrupted,KNNImputer,40498,MNAR,0.5,single_single,V11,downstream_performance_std,F1_macro,,,0.0,0.0,0.0103994722016738
test_imputed_corrupted,KNNImputer,40498,MNAR,0.5,single_single,V11,downstream_performance_std,F1_weighted,,,0.0,0.0,0.0082617777057788
test_imputed_corrupted,KNNImputer,40677,MNAR,0.5,single_single,attribute#3,downstream_performance_std,F1_micro,,,0.0,0.0,0.0023867581744561
test_imputed_corrupted,KNNImputer,40677,MNAR,0.5,single_single,attribute#3,downstream_performance_std,F1_macro,,,1.3597399555105182e-16,0.0,0.0026435515760227
test_imputed_corrupted,KNNImputer,40677,MNAR,0.5,single_single,attribute#3,downstream_performance_std,F1_weighted,,,0.0,0.0,0.0030709146065039
test_imputed_corrupted,KNNImputer,41027,MNAR,0.5,single_single,black_piece0_strength,downstream_performance_std,F1_micro,,,0.0,0.0,0.0125674184042857
test_imputed_corrupted,KNNImputer,41027,MNAR,0.5,single_single,black_piece0_strength,downstream_performance_std,F1_macro,,,0.0,0.0,0.0191290170241582
test_imputed_corrupted,KNNImputer,41027,MNAR,0.5,single_single,black_piece0_strength,downstream_performance_std,F1_weighted,,,0.0,0.0,0.010986786802164
test_imputed_corrupted,KNNImputer,4552,MNAR,0.5,single_single,V2,downstream_performance_std,F1_micro,,,0.0,0.0,0.0013482129140793
test_imputed_corrupted,KNNImputer,4552,MNAR,0.5,single_single,V2,downstream_performance_std,F1_macro,,,0.0,0.0,0.0036453670694693
test_imputed_corrupted,KNNImputer,4552,MNAR,0.5,single_single,V2,downstream_performance_std,F1_weighted,,,0.0,0.0,0.0006045731100228
test_imputed_corrupted,KNNImputer,6,MNAR,0.5,single_single,x-box,downstream_performance_std,F1_micro,,,0.0,0.0,0.0005773502691896
test_imputed_corrupted,KNNImputer,6,MNAR,0.5,single_single,x-box,downstream_performance_std,F1_macro,,,0.0,0.0,0.0005436064401429
test_imputed_corrupted,KNNImputer,6,MNAR,0.5,single_single,x-box,downstream_performance_std,F1_weighted,,,1.3597399555105182e-16,0.0,0.0005871576460076
test_imputed_corrupted,ForestImputer,1459,MCAR,0.5,single_single,V7,downstream_performance_mean,F1_micro,,,0.7827788649706457,0.0,0.7871819960861058
test_imputed_corrupted,ForestImputer,1459,MCAR,0.5,single_single,V7,downstream_performance_mean,F1_macro,,,0.77105493943952,0.0,0.7753809916925772
test_imputed_corrupted,ForestImputer,1459,MCAR,0.5,single_single,V7,downstream_performance_mean,F1_weighted,,,0.7832938393612224,0.0,0.78748934823352
test_imputed_corrupted,ForestImputer,1481,MCAR,0.5,single_single,V2,downstream_performance_mean,F1_micro,,,0.5274411974340698,0.0,0.532608695652174
test_imputed_corrupted,ForestImputer,1481,MCAR,0.5,single_single,V2,downstream_performance_mean,F1_macro,,,0.5221873775565545,0.0,0.5311980287803255
test_imputed_corrupted,ForestImputer,1481,MCAR,0.5,single_single,V2,downstream_performance_mean,F1_weighted,,,0.5270631344412917,0.0,0.532436059851822
test_imputed_corrupted,ForestImputer,1526,MCAR,0.5,single_single,V3,downstream_performance_mean,F1_micro,,,1.0,0.0,1.0
test_imputed_corrupted,ForestImputer,1526,MCAR,0.5,single_single,V3,downstream_performance_mean,F1_macro,,,1.0,0.0,1.0
test_imputed_corrupted,ForestImputer,1526,MCAR,0.5,single_single,V3,downstream_performance_mean,F1_weighted,,,1.0,0.0,1.0
test_imputed_corrupted,ForestImputer,183,MCAR,0.5,single_single,Length,downstream_performance_mean,F1_micro,,,0.2452153110047847,0.0,0.2396331738437001
test_imputed_corrupted,ForestImputer,183,MCAR,0.5,single_single,Length,downstream_performance_mean,F1_macro,,,0.1645465872054108,0.0,0.1557169062631166
test_imputed_corrupted,ForestImputer,183,MCAR,0.5,single_single,Length,downstream_performance_mean,F1_weighted,,,0.2340090042651428,0.0,0.2292997634276187
test_imputed_corrupted,ForestImputer,184,MCAR,0.5,single_single,black_king_col,downstream_performance_mean,F1_micro,,,0.5187099073414113,0.0,0.4792706105963412
test_imputed_corrupted,ForestImputer,184,MCAR,0.5,single_single,black_king_col,downstream_performance_mean,F1_macro,,,0.4420394288611293,0.0,0.4058196243688014
test_imputed_corrupted,ForestImputer,184,MCAR,0.5,single_single,black_king_col,downstream_performance_mean,F1_weighted,,,0.5141057732212846,0.0,0.4750109371932643
test_imputed_corrupted,ForestImputer,26,MCAR,0.5,single_single,parents,downstream_performance_mean,F1_micro,,,0.8981481481481483,0.0,0.8627829218106996
test_imputed_corrupted,ForestImputer,26,MCAR,0.5,single_single,parents,downstream_performance_mean,F1_macro,,,0.6536897739523555,0.0,0.622326823885602
test_imputed_corrupted,ForestImputer,26,MCAR,0.5,single_single,parents,downstream_performance_mean,F1_weighted,,,0.8971516674808981,0.0,0.8620003205817864
test_imputed_corrupted,ForestImputer,30,MCAR,0.5,single_single,eccen,downstream_performance_mean,F1_micro,,,0.9753424657534246,0.0,0.9771689497716894
test_imputed_corrupted,ForestImputer,30,MCAR,0.5,single_single,eccen,downstream_performance_mean,F1_macro,,,0.8239900269582972,0.0,0.8581826739487006
test_imputed_corrupted,ForestImputer,30,MCAR,0.5,single_single,eccen,downstream_performance_mean,F1_weighted,,,0.9756320487185168,0.0,0.9774949112646208
test_imputed_corrupted,ForestImputer,32,MCAR,0.5,single_single,input4,downstream_performance_mean,F1_micro,,,0.9909049567985448,0.0,0.9910565408519024
test_imputed_corrupted,ForestImputer,32,MCAR,0.5,single_single,input4,downstream_performance_mean,F1_macro,,,0.9909537253896948,0.0,0.9911069875462438
test_imputed_corrupted,ForestImputer,32,MCAR,0.5,single_single,input4,downstream_performance_mean,F1_weighted,,,0.9909035687850352,0.0,0.9910542037454882
test_imputed_corrupted,ForestImputer,375,MCAR,0.5,single_single,coefficient3,downstream_performance_mean,F1_micro,,,0.9568489713998996,0.0,0.9531694263254724
test_imputed_corrupted,ForestImputer,375,MCAR,0.5,single_single,coefficient3,downstream_performance_mean,F1_macro,,,0.9525128971800574,0.0,0.9488451840994756
test_imputed_corrupted,ForestImputer,375,MCAR,0.5,single_single,coefficient3,downstream_performance_mean,F1_weighted,,,0.9566391149757,0.0,0.952859743693454
test_imputed_corrupted,ForestImputer,40497,MCAR,0.5,single_single,V13,downstream_performance_mean,F1_micro,,,0.9986754966887416,0.0,0.9991169977924944
test_imputed_corrupted,ForestImputer,40497,MCAR,0.5,single_single,V13,downstream_performance_mean,F1_macro,,,0.9963211496407371,0.0,0.994648615220044
test_imputed_corrupted,ForestImputer,40497,MCAR,0.5,single_single,V13,downstream_performance_mean,F1_weighted,,,0.9986818423878298,0.0,0.999119881242114
test_imputed_corrupted,ForestImputer,40498,MCAR,0.5,single_single,V11,downstream_performance_mean,F1_micro,,,0.6806122448979591,0.0,0.676530612244898
test_imputed_corrupted,ForestImputer,40498,MCAR,0.5,single_single,V11,downstream_performance_mean,F1_macro,,,0.4769750656245216,0.0,0.4861519607796289
test_imputed_corrupted,ForestImputer,40498,MCAR,0.5,single_single,V11,downstream_performance_mean,F1_weighted,,,0.6712537875450492,0.0,0.6679904415469214
test_imputed_corrupted,ForestImputer,40677,MCAR,0.5,single_single,attribute#3,downstream_performance_mean,F1_micro,,,0.671875,0.0,0.6531250000000001
test_imputed_corrupted,ForestImputer,40677,MCAR,0.5,single_single,attribute#3,downstream_performance_mean,F1_macro,,,0.6723481733385533,0.0,0.6523807839205342
test_imputed_corrupted,ForestImputer,40677,MCAR,0.5,single_single,attribute#3,downstream_performance_mean,F1_weighted,,,0.669442182519345,0.0,0.6491256342518378
test_imputed_corrupted,ForestImputer,40685,MCAR,0.5,single_single,A2,downstream_performance_mean,F1_micro,,,0.999310344827586,0.0,0.9988505747126436
test_imputed_corrupted,ForestImputer,40685,MCAR,0.5,single_single,A2,downstream_performance_mean,F1_macro,,,0.6930847439276112,0.0,0.6794454081873941
test_imputed_corrupted,ForestImputer,40685,MCAR,0.5,single_single,A2,downstream_performance_mean,F1_weighted,,,0.9991790498466449,0.0,0.998760629822836
test_imputed_corrupted,ForestImputer,41027,MCAR,0.5,single_single,black_piece0_strength,downstream_performance_mean,F1_micro,,,0.7867023650156181,0.0,0.785809906291834
test_imputed_corrupted,ForestImputer,41027,MCAR,0.5,single_single,black_piece0_strength,downstream_performance_mean,F1_macro,,,0.6956785111031601,0.0,0.6906421034507589
test_imputed_corrupted,ForestImputer,41027,MCAR,0.5,single_single,black_piece0_strength,downstream_performance_mean,F1_weighted,,,0.784154435328562,0.0,0.7832726319200517
test_imputed_corrupted,ForestImputer,41671,MCAR,0.5,single_single,a9,downstream_performance_mean,F1_micro,,,0.61775,0.0,0.61925
test_imputed_corrupted,ForestImputer,41671,MCAR,0.5,single_single,a9,downstream_performance_mean,F1_macro,,,0.384223299337713,0.0,0.3877776526457995
test_imputed_corrupted,ForestImputer,41671,MCAR,0.5,single_single,a9,downstream_performance_mean,F1_weighted,,,0.5642967890168682,0.0,0.5659949602328648
test_imputed_corrupted,ForestImputer,4552,MCAR,0.5,single_single,V2,downstream_performance_mean,F1_micro,,,0.7572815533980582,0.0,0.7631656369520448
test_imputed_corrupted,ForestImputer,4552,MCAR,0.5,single_single,V2,downstream_performance_mean,F1_macro,,,0.4567202074926168,0.0,0.4553818282080551
test_imputed_corrupted,ForestImputer,4552,MCAR,0.5,single_single,V2,downstream_performance_mean,F1_weighted,,,0.7469624982500532,0.0,0.7550530379204239
test_imputed_corrupted,ForestImputer,6,MCAR,0.5,single_single,x-box,downstream_performance_mean,F1_micro,,,0.9615,0.0,0.96125
test_imputed_corrupted,ForestImputer,6,MCAR,0.5,single_single,x-box,downstream_performance_mean,F1_macro,,,0.9612800286286878,0.0,0.9610506027522002
test_imputed_corrupted,ForestImputer,6,MCAR,0.5,single_single,x-box,downstream_performance_mean,F1_weighted,,,0.9615898862696274,0.0,0.9613479096215052
test_imputed_corrupted,KNNImputer,1459,MNAR,0.5,single_single,V7,downstream_performance_mean,F1_micro,,,0.8116438356164383,0.0,0.8096868884540118
test_imputed_corrupted,KNNImputer,1459,MNAR,0.5,single_single,V7,downstream_performance_mean,F1_macro,,,0.8006256175070169,0.0,0.7988258856808064
test_imputed_corrupted,KNNImputer,1459,MNAR,0.5,single_single,V7,downstream_performance_mean,F1_weighted,,,0.8124212208327787,0.0,0.8098407705297115
test_imputed_corrupted,KNNImputer,183,MNAR,0.5,single_single,Length,downstream_performance_mean,F1_micro,,,0.2380382775119617,0.0,0.2464114832535885
test_imputed_corrupted,KNNImputer,183,MNAR,0.5,single_single,Length,downstream_performance_mean,F1_macro,,,0.1561246836725588,0.0,0.1625174879512853
test_imputed_corrupted,KNNImputer,183,MNAR,0.5,single_single,Length,downstream_performance_mean,F1_weighted,,,0.2288332107547705,0.0,0.2367725810516483
test_imputed_corrupted,KNNImputer,184,MNAR,0.5,single_single,black_king_col,downstream_performance_mean,F1_micro,,,0.6119030648610121,0.0,0.5059990496555001
test_imputed_corrupted,KNNImputer,184,MNAR,0.5,single_single,black_king_col,downstream_performance_mean,F1_macro,,,0.6027772999027643,0.0,0.4179392775316143
test_imputed_corrupted,KNNImputer,184,MNAR,0.5,single_single,black_king_col,downstream_performance_mean,F1_weighted,,,0.6099905255521515,0.0,0.5019487809326225
test_imputed_corrupted,KNNImputer,26,MNAR,0.5,single_single,parents,downstream_performance_mean,F1_micro,,,0.8807870370370371,0.0,0.8685699588477366
test_imputed_corrupted,KNNImputer,26,MNAR,0.5,single_single,parents,downstream_performance_mean,F1_macro,,,0.597012390373254,0.0,0.62494668180919
test_imputed_corrupted,KNNImputer,26,MNAR,0.5,single_single,parents,downstream_performance_mean,F1_weighted,,,0.8736836052244671,0.0,0.8665249086535592
test_imputed_corrupted,KNNImputer,30,MNAR,0.5,single_single,eccen,downstream_performance_mean,F1_micro,,,0.9799086757990868,0.0,0.978386605783866
test_imputed_corrupted,KNNImputer,30,MNAR,0.5,single_single,eccen,downstream_performance_mean,F1_macro,,,0.8834059648003274,0.0,0.8777383128286509
test_imputed_corrupted,KNNImputer,30,MNAR,0.5,single_single,eccen,downstream_performance_mean,F1_weighted,,,0.9799534470843642,0.0,0.9785091301389216
test_imputed_corrupted,KNNImputer,32,MNAR,0.5,single_single,input4,downstream_performance_mean,F1_micro,,,0.9890859481582538,0.0,0.9895407003183266
test_imputed_corrupted,KNNImputer,32,MNAR,0.5,single_single,input4,downstream_performance_mean,F1_macro,,,0.989091262320921,0.0,0.9895837843208668
test_imputed_corrupted,KNNImputer,32,MNAR,0.5,single_single,input4,downstream_performance_mean,F1_weighted,,,0.9890843563710204,0.0,0.9895359961559717
test_imputed_corrupted,KNNImputer,375,MNAR,0.5,single_single,coefficient3,downstream_performance_mean,F1_micro,,,0.9618665328650275,0.0,0.9590232480347884
test_imputed_corrupted,KNNImputer,375,MNAR,0.5,single_single,coefficient3,downstream_performance_mean,F1_macro,,,0.9590808473066238,0.0,0.9549813755004358
test_imputed_corrupted,KNNImputer,375,MNAR,0.5,single_single,coefficient3,downstream_performance_mean,F1_weighted,,,0.9616897898650704,0.0,0.958786716409156
test_imputed_corrupted,KNNImputer,40498,MNAR,0.5,single_single,V11,downstream_performance_mean,F1_micro,,,0.6642857142857143,0.0,0.6738095238095237
test_imputed_corrupted,KNNImputer,40498,MNAR,0.5,single_single,V11,downstream_performance_mean,F1_macro,,,0.4625103373860784,0.0,0.4811201943384311
test_imputed_corrupted,KNNImputer,40498,MNAR,0.5,single_single,V11,downstream_performance_mean,F1_weighted,,,0.654400988469066,0.0,0.6647145812122531
test_imputed_corrupted,KNNImputer,40677,MNAR,0.5,single_single,attribute#3,downstream_performance_mean,F1_micro,,,0.7265625,0.0,0.6588541666666666
test_imputed_corrupted,KNNImputer,40677,MNAR,0.5,single_single,attribute#3,downstream_performance_mean,F1_macro,,,0.72384670655194,0.0,0.657971693337031
test_imputed_corrupted,KNNImputer,40677,MNAR,0.5,single_single,attribute#3,downstream_performance_mean,F1_weighted,,,0.725821797584585,0.0,0.6552478965228582
test_imputed_corrupted,KNNImputer,41027,MNAR,0.5,single_single,black_piece0_strength,downstream_performance_mean,F1_micro,,,0.7584783578759482,0.0,0.7718652387327086
test_imputed_corrupted,KNNImputer,41027,MNAR,0.5,single_single,black_piece0_strength,downstream_performance_mean,F1_macro,,,0.6555068788075108,0.0,0.6708161149374048
test_imputed_corrupted,KNNImputer,41027,MNAR,0.5,single_single,black_piece0_strength,downstream_performance_mean,F1_weighted,,,0.7592509482951794,0.0,0.770430626296898
test_imputed_corrupted,KNNImputer,4552,MNAR,0.5,single_single,V2,downstream_performance_mean,F1_micro,,,0.7669902912621359,0.0,0.7681671079729332
test_imputed_corrupted,KNNImputer,4552,MNAR,0.5,single_single,V2,downstream_performance_mean,F1_macro,,,0.4602631719898627,0.0,0.4629744860617166
test_imputed_corrupted,KNNImputer,4552,MNAR,0.5,single_single,V2,downstream_performance_mean,F1_weighted,,,0.7578906539260281,0.0,0.7608289151314991
test_imputed_corrupted,KNNImputer,6,MNAR,0.5,single_single,x-box,downstream_performance_mean,F1_micro,,,0.9615,0.0,0.9620833333333332
test_imputed_corrupted,KNNImputer,6,MNAR,0.5,single_single,x-box,downstream_performance_mean,F1_macro,,,0.9613626140060816,0.0,0.9618606975895612
test_imputed_corrupted,KNNImputer,6,MNAR,0.5,single_single,x-box,downstream_performance_mean,F1_weighted,,,0.9616249262834964,0.0,0.962185274973666
